nome,preço,categoria,origem,imagem,data_extração,data_validade_promoção
Alcatra Bov Friboi a Vácuo Kg (peça),27.98,Açougue,Supermercados Guanabara,www.supermercadosguanabara.com.br:443/sites/default/files/sistema/encarte/produtos/alcatra_com_maminha_friboi_150117_copy.png,2023-11-06 15:14:57.478784,2023-11-06
Contra Filé Maturatta Friboi (Peça) Kg,49.98,Açougue,Supermercados Guanabara,www.supermercadosguanabara.com.br:443/sites/default/files/sistema/encarte/produtos/contrafileu_bovino_maturatta_friboi_261606_copy.png,2023-11-06 15:14:57.482666,2023-11-06
Coração da Alcatra Maturatta  Friboi (Peça) Kg,49.98,Açougue,Supermercados Guanabara,www.supermercadosguanabara.com.br:443/sites/default/files/sistema/encarte/produtos/coracoaao_alcatra_resfriado_maturatta_friboi_240319_copy.png,2023-11-06 15:14:57.485284,2023-11-06
Coxa c/ Sobrecoxa de Frango c/ porção Dorsal Kg,5.99,Açougue,Supermercados Guanabara,www.supermercadosguanabara.com.br:443/sites/default/files/sistema/encarte/produtos/coxa_sobr_pr_280303_copy.png,2023-11-06 15:14:57.488873,2023-11-06
Coxinha das Asas de Frango Lar Kg,10.98,Açougue,Supermercados Guanabara,www.supermercadosguanabara.com.br:443/sites/default/files/sistema/encarte/produtos/drumet_frango_prod_150807_copy.png,2023-11-06 15:14:57.491530,2023-11-06
Filé de Peito de Frango Lar kg,13.98,Açougue,Supermercados Guanabara,www.supermercadosguanabara.com.br:443/sites/default/files/sistema/encarte/produtos/file_de_peito_de_frango_lar_pacote_kg_120420_copy.png,2023-11-06 15:14:57.493560,2023-11-06
Filé de Costela Friboi Maturatta PEÇA Kg,39.98,Açougue,Supermercados Guanabara,www.supermercadosguanabara.com.br:443/sites/default/files/sistema/encarte/produtos/bife_ancho_file_de_costela_maturatta_friboi_240319_copy.png,2023-11-06 15:14:57.494677,2023-11-06
Filé Mignon bovino Friboi do Chef Kg (peça),69.98,Açougue,Supermercados Guanabara,www.supermercadosguanabara.com.br:443/sites/default/files/sistema/encarte/produtos/fileu_mignon_bovino_do_chef_friboi_260616_copy.png,2023-11-06 15:14:57.495838,2023-11-06
Pá Bov Friboi a Vacuo Kg (peça),19.8,Açougue,Supermercados Guanabara,www.supermercadosguanabara.com.br:443/sites/default/files/sistema/encarte/produtos/carne_paleta_friboi_vacuo_220519_copy_0.png,2023-11-06 15:14:57.497039,2023-11-06
Peito Bov Friboi a Vacuo Kg (peça),19.8,Açougue,Supermercados Guanabara,www.supermercadosguanabara.com.br:443/sites/default/files/sistema/encarte/produtos/peito_bovino_vacuo_friboi_260519_copy_0.png,2023-11-06 15:14:57.498030,2023-11-06
Acém Bov Friboi a Vacuo Kg (peça),19.8,Açougue,Supermercados Guanabara,www.supermercadosguanabara.com.br:443/sites/default/files/sistema/encarte/produtos/carne_aceum_friboi_vacuo_220519_copy.png,2023-11-06 15:14:57.498912,2023-11-06
Peito de Frango kg,11.98,Açougue,Supermercados Guanabara,www.supermercadosguanabara.com.br:443/sites/default/files/sistema/encarte/produtos/old/8a4d4591c484c32b1d9c2a4fa10d70ac_1.png,2023-11-06 15:14:57.499785,2023-11-06
Coxa de Frango Seara Bandeja Kg,9.99,Açougue,Supermercados Guanabara,www.supermercadosguanabara.com.br:443/sites/default/files/sistema/encarte/produtos/coxa_seara_bandeja_kg_290117_copy.png,2023-11-06 15:14:57.500649,2023-11-06
Coxa de Frango Seara IQF Almofada Kg,9.99,Açougue,Supermercados Guanabara,www.supermercadosguanabara.com.br:443/sites/default/files/sistema/encarte/produtos/coxa_seara_pacote_zip_kg_29011_copy.png,2023-11-06 15:14:57.501499,2023-11-06
Cerveja Antarctica 269ml,1.87,Bebida,Supermercados Guanabara,www.supermercadosguanabara.com.br:443/sites/default/files/sistema/encarte/produtos/cerveja_antarctica_lata_269ml_100618_copy.png,2023-11-06 15:15:02.203180,2023-11-06
Cerveja Antarctica Latão 473ml,4.39,Bebida,Supermercados Guanabara,www.supermercadosguanabara.com.br:443/sites/default/files/sistema/encarte/produtos/cerveja_antarctica_lataao_473ml_100618_copy.png,2023-11-06 15:15:02.204161,2023-11-06
Cerveja Bohemia Latão 473ml,4.09,Bebida,Supermercados Guanabara,www.supermercadosguanabara.com.br:443/sites/default/files/sistema/encarte/produtos/cerveja_bohemia_473ml_300918_copy.png,2023-11-06 15:15:02.205029,2023-11-06
Cerveja Bohemia  Long Neck 355ml,4.49,Bebida,Supermercados Guanabara,www.supermercadosguanabara.com.br:443/sites/default/files/sistema/encarte/produtos/cerveja_bohemia_long_neck_355ml_300918_copy.png,2023-11-06 15:15:02.205893,2023-11-06
Cerveja Brahma Lata 269ml,1.99,Bebida,Supermercados Guanabara,www.supermercadosguanabara.com.br:443/sites/default/files/sistema/encarte/produtos/cerveja_brahma_lata_269ml_281018_copy.png,2023-11-06 15:15:02.206753,2023-11-06
Cerveja Brahma Long Neck 355ml,4.49,Bebida,Supermercados Guanabara,www.supermercadosguanabara.com.br:443/sites/default/files/sistema/encarte/produtos/cerveja_brahma_long_neck_355ml_011020_copy.png,2023-11-06 15:15:02.207647,2023-11-06
Cerveja Brahma 350ML Pack c/18 Latas,59.24,Bebida,Supermercados Guanabara,www.supermercadosguanabara.com.br:443/sites/default/files/sistema/encarte/produtos/cerveja_brahma_pack_18_latas_100618_copy.png,2023-11-06 15:15:02.209962,2023-11-06
Cerveja Coronita 210ml,3.99,Bebida,Supermercados Guanabara,www.supermercadosguanabara.com.br:443/sites/default/files/sistema/encarte/produtos/cerveja_coronita_extra_210ml_310116_copy.png,2023-11-06 15:15:02.211668,2023-11-06
Cerveja Skol Latão 473ml,4.19,Bebida,Supermercados Guanabara,www.supermercadosguanabara.com.br:443/sites/default/files/sistema/encarte/produtos/cerveja_skol_lataao_473ml_170319_copy.png,2023-11-06 15:15:02.213647,2023-11-06
Cerveja Skol Puro Malte Latão 473ml,3.79,Bebida,Supermercados Guanabara,www.supermercadosguanabara.com.br:443/sites/default/files/sistema/encarte/produtos/cerveja_skol_puro_malte_lataao_473ml_200119_copy.png,2023-11-06 15:15:02.215210,2023-11-06
Refrigerante Pepsi Cola Pet 2l+250ml,6.59,Bebida,Supermercados Guanabara,www.supermercadosguanabara.com.br:443/sites/default/files/sistema/encarte/produtos/pepsi_2_250ml_gratis_281012_copy.png,2023-11-06 15:15:02.215982,2023-11-06
Pepsi Lata 269ml,1.99,Bebida,Supermercados Guanabara,www.supermercadosguanabara.com.br:443/sites/default/files/sistema/encarte/produtos/refrigerante_pepsi_lata_269ml_191018_copy.png,2023-11-06 15:15:02.216698,2023-11-06
Guarana Antarctica lata 269ml,1.99,Bebida,Supermercados Guanabara,www.supermercadosguanabara.com.br:443/sites/default/files/sistema/encarte/produtos/guarana_antarctica_lata_269ml_181017_copy_0.png,2023-11-06 15:15:02.217435,2023-11-06
Refrigerante Antártica Guaraná 2l+250ml,6.59,Bebida,Supermercados Guanabara,www.supermercadosguanabara.com.br:443/sites/default/files/sistema/encarte/produtos/guarana_antarctica_2_250ml_gratis_281012_copy.png,2023-11-06 15:15:02.218177,2023-11-06
Suco Concentrado Dafruta Caju Leve 1L Pague 750ml,4.46,Bebida,Supermercados Guanabara,www.supermercadosguanabara.com.br:443/sites/default/files/sistema/encarte/produtos/suco_concentrado_caju_dafruta_1l_promocional_leve_1_l_pague_750_280719_copy.png,2023-11-06 15:15:02.218827,2023-11-06
Suco de Laranja Campo Largo Pet 1350ml,11.99,Bebida,Supermercados Guanabara,www.supermercadosguanabara.com.br:443/sites/default/files/sistema/encarte/produtos/suco_de_laranja_campo_largo_135l_201019_copy.png,2023-11-06 15:15:02.219491,2023-11-06
Suco de Uva Integral Campo Largo 1350ml,11.99,Bebida,Supermercados Guanabara,www.supermercadosguanabara.com.br:443/sites/default/files/sistema/encarte/produtos/suco_de_uva_integral_campo_largo_135_litro_020119_copy.png,2023-11-06 15:15:02.220130,2023-11-06
Bebida Gatorade Pet 500ml,3.99,Bebida,Supermercados Guanabara,www.supermercadosguanabara.com.br:443/sites/default/files/sistema/encarte/produtos/gatorade_500ml_sabores_010712_copy.png,2023-11-06 15:15:02.220757,2023-11-06
Espumante Chandon Brutt 750ml,84.9,Bebida,Supermercados Guanabara,www.supermercadosguanabara.com.br:443/sites/default/files/sistema/encarte/produtos/espumante_nacional_chandom_brutt_020111_copy_0.png,2023-11-06 15:15:02.221371,2023-11-06
Gin Beefeater 750ml,79.9,Bebida,Supermercados Guanabara,www.supermercadosguanabara.com.br:443/sites/default/files/sistema/encarte/produtos/gin_beefeater_750ml_011219_copy.png,2023-11-06 15:15:02.222012,2023-11-06
Gin Gordon's 750ml,58.9,Bebida,Supermercados Guanabara,www.supermercadosguanabara.com.br:443/sites/default/files/sistema/encarte/produtos/gin_gordons_250620_copy.png,2023-11-06 15:15:02.222661,2023-11-06
Gin Tanqueray 750ml,99.9,Bebida,Supermercados Guanabara,www.supermercadosguanabara.com.br:443/sites/default/files/sistema/encarte/produtos/gin_tanqueray_750ml_240219_copy.png,2023-11-06 15:15:02.223573,2023-11-06
Vinho Argentino Cavic  750ml,23.8,Bebida,Supermercados Guanabara,www.supermercadosguanabara.com.br:443/sites/default/files/sistema/encarte/produtos/vinho_argentino_cavic_tinto_ou_branco_750ml_120616_copy_0.png,2023-11-06 15:15:02.225187,2023-11-06
Vinho Argentino Toro Centenario 750ml,24.5,Bebida,Supermercados Guanabara,www.supermercadosguanabara.com.br:443/sites/default/files/sistema/encarte/produtos/vinho_toro_malbec_750ml_120920_copy_0.png,2023-11-06 15:15:02.227571,2023-11-06
Vinho Chileno AS3 Cabernet Sauvignon Varietal 750ml,25.99,Bebida,Supermercados Guanabara,www.supermercadosguanabara.com.br:443/sites/default/files/sistema/encarte/produtos/vinho_chileno_as3_caberbet_sauvignon_varietal_060414_copy.png,2023-11-06 15:15:02.228633,2023-11-06
Vinho Chileno Santa Vita Reserva 750ml,19.98,Bebida,Supermercados Guanabara,www.supermercadosguanabara.com.br:443/sites/default/files/sistema/encarte/produtos/vinho_chileno_santa_vita_cabernet_sauvignon_750ml_010820_copy.png,2023-11-06 15:15:02.230213,2023-11-06
Vodka Smirnoff 600ml,25.8,Bebida,Supermercados Guanabara,www.supermercadosguanabara.com.br:443/sites/default/files/sistema/encarte/produtos/vodka_smirnoff_600ml_180617_copy.png,2023-11-06 15:15:02.231341,2023-11-06
Vodka Smirnoff Ice 275ml,8.35,Bebida,Supermercados Guanabara,www.supermercadosguanabara.com.br:443/sites/default/files/sistema/encarte/produtos/vodka_smirnoff_ice_long_neck_275ml_010608_copy.png,2023-11-06 15:15:02.231952,2023-11-06
Whisky Johnnie Walker Black Label 1 litro,149.9,Bebida,Supermercados Guanabara,www.supermercadosguanabara.com.br:443/sites/default/files/sistema/encarte/produtos/whisky_johnnie_walker_black_label_1_litro_250813_copy.png,2023-11-06 15:15:02.232545,2023-11-06
Whisky Chivas Regal 12 Anos 750ml,89.9,Bebida,Supermercados Guanabara,www.supermercadosguanabara.com.br:443/sites/default/files/sistema/encarte/produtos/whisky_chivas_regal_12_anos_750ml_030920_copy.png,2023-11-06 15:15:02.233177,2023-11-06
Whisky Red Label 750ml,64.9,Bebida,Supermercados Guanabara,www.supermercadosguanabara.com.br:443/sites/default/files/sistema/encarte/produtos/whisky_johnie_walker_red_label_750ml_240219_copy.png,2023-11-06 15:15:02.233816,2023-11-06
Whisky White Horse 1 Litro,64.0,Bebida,Supermercados Guanabara,www.supermercadosguanabara.com.br:443/sites/default/files/sistema/encarte/produtos/whisky_white_horse_1_litro_240219_copy.png,2023-11-06 15:15:02.234400,2023-11-06
Biscoito Maltado Piraquê 160g,2.99,Biscoito,Supermercados Guanabara,www.supermercadosguanabara.com.br:443/sites/default/files/sistema/encarte/produtos/bisctoito_leite_maltado_piraque_160g_061120_copy.png,2023-11-06 15:15:05.071473,2023-11-06
Biscoito Recheado Passatempo 130g,1.99,Biscoito,Supermercados Guanabara,www.supermercadosguanabara.com.br:443/sites/default/files/sistema/encarte/produtos/biscoito_recheado_passatempo_130g_sabores_110820_copy.png,2023-11-06 15:15:05.072427,2023-11-06
Torrada Bauducco 142g,3.59,Biscoito,Supermercados Guanabara,www.supermercadosguanabara.com.br:443/sites/default/files/sistema/encarte/produtos/torrada_bauducco_142g_070719_copy.png,2023-11-06 15:15:05.073332,2023-11-06
Chocolate Nestle 80g/85g/90g,4.49,Bombom,Supermercados Guanabara,www.supermercadosguanabara.com.br:443/sites/default/files/sistema/encarte/produtos/chocolate-nestle-100g-tablete-classsic_060817_copy.png,2023-11-06 15:15:05.911340,2023-11-06
"Chocolate Nestle kitkat 41,5g",2.69,Bombom,Supermercados Guanabara,www.supermercadosguanabara.com.br:443/sites/default/files/sistema/encarte/produtos/chocolate_kitkat_170720_copy.png,2023-11-06 15:15:05.912265,2023-11-06
Chocolate Garoto (Exc. Talento ) 80g/90g,3.99,Bombom,Supermercados Guanabara,www.supermercadosguanabara.com.br:443/sites/default/files/sistema/encarte/produtos/chocolate_garoto_sabores_90g_110820_copy.png,2023-11-06 15:15:05.913941,2023-11-06
Bombom Garoto Sortidos 250g,9.48,Bombom,Supermercados Guanabara,www.supermercadosguanabara.com.br:443/sites/default/files/sistema/encarte/produtos/bb_garoto.jpg,2023-11-06 15:15:05.915581,2023-11-06
Bombom Nestlé Especialidades 251g,9.98,Bombom,Supermercados Guanabara,www.supermercadosguanabara.com.br:443/sites/default/files/sistema/encarte/produtos/bb_especialidades_nestle.jpg,2023-11-06 15:15:05.917137,2023-11-06
Chocolate Lacta 80g/90g/100g,4.99,Bombom,Supermercados Guanabara,www.supermercadosguanabara.com.br:443/sites/default/files/sistema/encarte/produtos/chocolate_lacta_90g_011117_copy_0.png,2023-11-06 15:15:05.917709,2023-11-06
Toalha Umedecida Huggies Classic c/48 Unids.,9.99,Cantinho do bebê,Supermercados Guanabara,www.supermercadosguanabara.com.br:443/sites/default/files/sistema/encarte/produtos/toalhas_umedecidas_huggies_48_unids._200521_copy.png,2023-11-06 15:15:06.675519,2023-11-06
Fraldas Descartáveis Babysec Premium Mega,32.98,Cantinho do bebê,Supermercados Guanabara,www.supermercadosguanabara.com.br:443/sites/default/files/sistema/encarte/produtos/fralda_babysec_premium_mega_gx30_290919_copy.png,2023-11-06 15:15:06.676128,2023-11-06
Fraldas Descartáveis  Pampers Pants,19.98,Cantinho do bebê,Supermercados Guanabara,www.supermercadosguanabara.com.br:443/sites/default/files/sistema/encarte/produtos/fraldas_pampers_pants_241119_copy.png,2023-11-06 15:15:06.677254,2023-11-06
Fraldas Descartáveis Turma da Mônica  Baby Jumbinho,13.98,Cantinho do bebê,Supermercados Guanabara,www.supermercadosguanabara.com.br:443/sites/default/files/sistema/encarte/produtos/fralda_turma_da_monica_baby_002_0.png,2023-11-06 15:15:06.677972,2023-11-06
Hastes Flexíveis Cottonbaby c/75 Unids.,1.49,Cantinho do bebê,Supermercados Guanabara,www.supermercadosguanabara.com.br:443/sites/default/files/sistema/encarte/produtos/hastes_flexiveis_cottonbaby_com_75_020815_copy.png,2023-11-06 15:15:06.678548,2023-11-06
"Sabonete Huggies Camomila, Amêndoas ou Extra Suave 75g",2.47,Cantinho do bebê,Supermercados Guanabara,www.supermercadosguanabara.com.br:443/sites/default/files/sistema/encarte/produtos/sabonete_barra_turma_da_monica_75g_130518_copy.png,2023-11-06 15:15:06.679134,2023-11-06
Sabonete Líquido Johnsons Baby 200ml(Exc. Recém Nascido),9.98,Cantinho do bebê,Supermercados Guanabara,www.supermercadosguanabara.com.br:443/sites/default/files/sistema/encarte/produtos/sabonete_liquido_johnsons_baby_200ml_251118_copy.png,2023-11-06 15:15:06.679703,2023-11-06
Sabonete Líquido Bebê Granado 250ml,16.98,Cantinho do bebê,Supermercados Guanabara,www.supermercadosguanabara.com.br:443/sites/default/files/sistema/encarte/produtos/sabonete_liquido_de_glicerina_granado_trio_250ml_171009_copy.png,2023-11-06 15:15:06.680272,2023-11-06
Creme Dental Oral B Infantil 50g,4.99,Cantinho do bebê,Supermercados Guanabara,www.supermercadosguanabara.com.br:443/sites/default/files/sistema/encarte/produtos/creme_dental_kids_oral_b_princesas_50g_140820_copy.png,2023-11-06 15:15:06.680836,2023-11-06
Farinha Láctea Nestle 210g,4.99,Cantinho do bebê,Supermercados Guanabara,www.supermercadosguanabara.com.br:443/sites/default/files/sistema/encarte/produtos/farinha_lactea_nestle_sache_210g_050519_copy.png,2023-11-06 15:15:06.681390,2023-11-06
Farinha Neston Sachê 210g,4.99,Cantinho do bebê,Supermercados Guanabara,www.supermercadosguanabara.com.br:443/sites/default/files/sistema/encarte/produtos/neston_3cereais_sachet_210g_081017_copy.png,2023-11-06 15:15:06.681947,2023-11-06
Arroz Branco Ouro Nobre 5Kg,21.95,Cereais e farinaceos,Supermercados Guanabara,www.supermercadosguanabara.com.br:443/sites/default/files/sistema/encarte/produtos/arroz_agulhinha_ouro_nobre_5kg_100612_copy.png,2023-11-06 15:15:08.114450,2023-11-06
Arroz Tio João 5kg,35.95,Cereais e farinaceos,Supermercados Guanabara,www.supermercadosguanabara.com.br:443/sites/default/files/sistema/encarte/produtos/arroz_agulhinha_tio_joao_5kg_180813_copy.png,2023-11-06 15:15:08.115129,2023-11-06
Feijão Preto Máximo Kg,7.68,Cereais e farinaceos,Supermercados Guanabara,www.supermercadosguanabara.com.br:443/sites/default/files/sistema/encarte/produtos/feijao_preto_maximo_kg_310711_copy.png,2023-11-06 15:15:08.115705,2023-11-06
Feijão Preto Copa Kg,5.99,Cereais e farinaceos,Supermercados Guanabara,www.supermercadosguanabara.com.br:443/sites/default/files/sistema/encarte/produtos/feijao_pret_copa_1kg_051106_copy.png,2023-11-06 15:15:08.116269,2023-11-06
Farinha Trigo Boa Sorte Especial 1kg,3.98,Cereais e farinaceos,Supermercados Guanabara,www.supermercadosguanabara.com.br:443/sites/default/files/sistema/encarte/produtos/farinha_de_trigo_boa_sorte_1_kg_200119_copy.png,2023-11-06 15:15:08.116829,2023-11-06
Óleo de Soja Soya 900ml,4.99,Conservas,Supermercados Guanabara,www.supermercadosguanabara.com.br:443/sites/default/files/sistema/encarte/produtos/oleo_de_soja_soya_900ml_250514_copy.png,2023-11-06 15:15:08.822321,2023-11-06
Azeite Extra Virgem Andorinha 500ml,36.98,Conservas,Supermercados Guanabara,www.supermercadosguanabara.com.br:443/sites/default/files/sistema/encarte/produtos/azeite_de_oliva_extra_virgem_andorinha_500ml_091016_copy.png,2023-11-06 15:15:08.822926,2023-11-06
Azeite Extra Virgem O-Live 400ml,25.98,Conservas,Supermercados Guanabara,www.supermercadosguanabara.com.br:443/sites/default/files/sistema/encarte/produtos/azeite_o-live_400ml_160820_copy.png,2023-11-06 15:15:08.823987,2023-11-06
Azeitona Doypack Pramesa (Exc. Recheada) 150g,3.99,Conservas,Supermercados Guanabara,www.supermercadosguanabara.com.br:443/sites/default/files/sistema/encarte/produtos/azeitona_verde_sem_caroco_-_sache_120g_pramesa_280517_copy.png,2023-11-06 15:15:08.824752,2023-11-06
Azeitona Verde Pramesa Fatiada ou s/ Caroço 160g,8.49,Conservas,Supermercados Guanabara,www.supermercadosguanabara.com.br:443/sites/default/files/sistema/encarte/produtos/azeitonas_verdes_pramesa_320-170g_181008_copy.png,2023-11-06 15:15:08.825810,2023-11-06
Caldo Maggi 114G L12 P10,2.39,Conservas,Supermercados Guanabara,www.supermercadosguanabara.com.br:443/sites/default/files/sistema/encarte/produtos/caldo_maggi_leve_12_pague_10_114g_101119_copy.png,2023-11-06 15:15:08.827432,2023-11-06
Maionese Pramesa 500g,4.99,Conservas,Supermercados Guanabara,www.supermercadosguanabara.com.br:443/sites/default/files/sistema/encarte/produtos/maionese_pramesa_500g_472ml_150418_copy.png,2023-11-06 15:15:08.828247,2023-11-06
Passata Di Pomodoro Pramesa 680g,9.89,Conservas,Supermercados Guanabara,www.supermercadosguanabara.com.br:443/sites/default/files/sistema/encarte/produtos/passata_di_pomodoro_pramesa_680g_011219_copy.png,2023-11-06 15:15:08.829738,2023-11-06
Creme de Leite Italac TP 200g,1.99,Conservas,Supermercados Guanabara,www.supermercadosguanabara.com.br:443/sites/default/files/sistema/encarte/produtos/creme_de_leite_italac_tp_200g_191018_copy.png,2023-11-06 15:15:08.830557,2023-11-06
Leite Condensado Italac 395g,3.99,Conservas,Supermercados Guanabara,www.supermercadosguanabara.com.br:443/sites/default/files/sistema/encarte/produtos/leite_condensado_semidesnatado_italac_tp_395g_020619_copy.png,2023-11-06 15:15:08.831800,2023-11-06
Leite Condensado Moça TP 395g,4.99,Conservas,Supermercados Guanabara,www.supermercadosguanabara.com.br:443/sites/default/files/sistema/encarte/produtos/moca_395g.jpg,2023-11-06 15:15:08.832509,2023-11-06
Lasanha Sadia 600g,14.99,Embutidos,Supermercados Guanabara,www.supermercadosguanabara.com.br:443/sites/default/files/sistema/encarte/produtos/lasanha_sadia_600g_280820_copy.png,2023-11-06 15:15:09.658065,2023-11-06
Lasanha Perdigão 600g,13.29,Embutidos,Supermercados Guanabara,www.supermercadosguanabara.com.br:443/sites/default/files/sistema/encarte/produtos/lasanha_perdigao_600g_221017_copy.png,2023-11-06 15:15:09.658729,2023-11-06
Lasanha Forno de Minas 600g,7.99,Embutidos,Supermercados Guanabara,www.supermercadosguanabara.com.br:443/sites/default/files/sistema/encarte/produtos/lasanha_forno_de_minas_600g_150418_copy.png,2023-11-06 15:15:09.659690,2023-11-06
Lasanha Seara 600g,10.99,Embutidos,Supermercados Guanabara,www.supermercadosguanabara.com.br:443/sites/default/files/sistema/encarte/produtos/lasanha_seara_sabores_600g_211016_copy.png,2023-11-06 15:15:09.661285,2023-11-06
Pizza Seara 440g/460g,11.99,Embutidos,Supermercados Guanabara,www.supermercadosguanabara.com.br:443/sites/default/files/sistema/encarte/produtos/pizza_seara_sabores_460g_211016_copy.png,2023-11-06 15:15:09.662802,2023-11-06
Hamburguer Perdigão 672g,12.98,Embutidos,Supermercados Guanabara,www.supermercadosguanabara.com.br:443/sites/default/files/sistema/encarte/produtos/old/da97e74be62dea4a977493961ecd5098.png,2023-11-06 15:15:09.663956,2023-11-06
Hamburguer Texas Burger Seara 672g,12.98,Embutidos,Supermercados Guanabara,www.supermercadosguanabara.com.br:443/sites/default/files/sistema/encarte/produtos/hamburguer_texas_burgues_seara_672g_211016_copy.png,2023-11-06 15:15:09.664574,2023-11-06
Blanquet de Peru Sadia Kg,35.98,Frios e laticínios,Supermercados Guanabara,www.supermercadosguanabara.com.br:443/sites/default/files/sistema/encarte/produtos/blanquet_de_peru_sadia_081219_copy.png,2023-11-06 15:15:10.978536,2023-11-06
Finesse de Frango Seara Kg,33.98,Frios e laticínios,Supermercados Guanabara,www.supermercadosguanabara.com.br:443/sites/default/files/sistema/encarte/produtos/finesse_de_frango_seara.png,2023-11-06 15:15:10.979160,2023-11-06
Mortadela Defumada Sadia kg,20.89,Frios e laticínios,Supermercados Guanabara,www.supermercadosguanabara.com.br:443/sites/default/files/sistema/encarte/produtos/mortadela_defumada_sadia_kg_081219_copy.png,2023-11-06 15:15:10.979855,2023-11-06
Mortadela Ouro Perdigão kg,24.29,Frios e laticínios,Supermercados Guanabara,www.supermercadosguanabara.com.br:443/sites/default/files/sistema/encarte/produtos/mortadela_ouro_perdigao_kg_081219_copy.png,2023-11-06 15:15:10.980581,2023-11-06
Peito de Frango Sadia Kg,29.98,Frios e laticínios,Supermercados Guanabara,www.supermercadosguanabara.com.br:443/sites/default/files/sistema/encarte/produtos/peito_de_frango_sadia_081219_copy.png,2023-11-06 15:15:10.981231,2023-11-06
Peito de Peru Defumado Sadia Kg,43.99,Frios e laticínios,Supermercados Guanabara,www.supermercadosguanabara.com.br:443/sites/default/files/sistema/encarte/produtos/peito_de_peru_defumado_sadia_081219_copy.png,2023-11-06 15:15:10.981803,2023-11-06
Presunto Cozido Império Kg,14.98,Frios e laticínios,Supermercados Guanabara,www.supermercadosguanabara.com.br:443/sites/default/files/sistema/encarte/produtos/presunto_cozido_imperio_080418_copy.png,2023-11-06 15:15:10.982374,2023-11-06
Presunto Cozido Perdigão kg,24.99,Frios e laticínios,Supermercados Guanabara,www.supermercadosguanabara.com.br:443/sites/default/files/sistema/encarte/produtos/presunto_defumado_perdigao_kg_081219_copy.png,2023-11-06 15:15:10.982948,2023-11-06
Queijo Minas Barão Kg,26.98,Frios e laticínios,Supermercados Guanabara,www.supermercadosguanabara.com.br:443/sites/default/files/sistema/encarte/produtos/quei_minas_barao_060507_copy.png,2023-11-06 15:15:10.983508,2023-11-06
Queijo Minas Juliana Kg,26.98,Frios e laticínios,Supermercados Guanabara,www.supermercadosguanabara.com.br:443/sites/default/files/sistema/encarte/produtos/queijo_minas_juliana_180318_copy.png,2023-11-06 15:15:10.984065,2023-11-06
Queijo Minas Monteminas Kg,26.98,Frios e laticínios,Supermercados Guanabara,www.supermercadosguanabara.com.br:443/sites/default/files/sistema/encarte/produtos/queijo_minas_monteminas_090717_copy.png,2023-11-06 15:15:10.984620,2023-11-06
Queijo Ralado Presidente100g,10.98,Frios e laticínios,Supermercados Guanabara,www.supermercadosguanabara.com.br:443/sites/default/files/sistema/encarte/produtos/queijo_parmesao_ralado_president_100g_191018_copy.png,2023-11-06 15:15:10.985176,2023-11-06
Queijo Bola Vitória Kg,48.98,Frios e laticínios,Supermercados Guanabara,www.supermercadosguanabara.com.br:443/sites/default/files/sistema/encarte/produtos/quei_bola_vitoria_010204_copy.png,2023-11-06 15:15:10.985735,2023-11-06
Queijo Prato Lanchinho Vitória Kg,48.98,Frios e laticínios,Supermercados Guanabara,www.supermercadosguanabara.com.br:443/sites/default/files/sistema/encarte/produtos/quei_prato_lanche_vitoria_090103_copy.png,2023-11-06 15:15:10.986291,2023-11-06
Salsicha Hot Dog Wilson Kg,6.97,Frios e laticínios,Supermercados Guanabara,www.supermercadosguanabara.com.br:443/sites/default/files/sistema/encarte/produtos/salsicha_hot_dog_wilson_kg_190115_copy.png,2023-11-06 15:15:10.986847,2023-11-06
Salsicha Hot Dog Perdigão,9.99,Frios e laticínios,Supermercados Guanabara,www.supermercadosguanabara.com.br:443/sites/default/files/sistema/encarte/produtos/salsicha_hot_dog_perdigao_0801219_copy.png,2023-11-06 15:15:10.987415,2023-11-06
Salsicha Hot Dog Sadia kg,11.99,Frios e laticínios,Supermercados Guanabara,www.supermercadosguanabara.com.br:443/sites/default/files/sistema/encarte/produtos/salsicha_hot_dog_sadia_kg_030416_copy.png,2023-11-06 15:15:10.987974,2023-11-06
Salame Sadia Italiano Kg,103.99,Frios e laticínios,Supermercados Guanabara,www.supermercadosguanabara.com.br:443/sites/default/files/sistema/encarte/produtos/salame_tipo_italiano_sadia_220516_copy.png,2023-11-06 15:15:10.988532,2023-11-06
Margarina Qualy Cremosa 1kg,13.98,Frios e laticínios,Supermercados Guanabara,www.supermercadosguanabara.com.br:443/sites/default/files/sistema/encarte/produtos/old/02d4ff4b5a321667dc26252a57bb42ba.png,2023-11-06 15:15:10.989087,2023-11-06
Margarina Claybom 500g,5.99,Frios e laticínios,Supermercados Guanabara,www.supermercadosguanabara.com.br:443/sites/default/files/sistema/encarte/produtos/margarina_claybom_perdigao_500g_220117_copy.png,2023-11-06 15:15:10.989641,2023-11-06
Queijo Processado Polenguinho Trad. ou Ligth c/4 Unids 68g,6.65,Frios e laticínios,Supermercados Guanabara,www.supermercadosguanabara.com.br:443/sites/default/files/sistema/encarte/produtos/polenguinho_4_unidades_68g_200416_copy.png,2023-11-06 15:15:10.990206,2023-11-06
"Sorvete Nestle Napolitano 1,5 Litros",19.99,Frios e laticínios,Supermercados Guanabara,www.supermercadosguanabara.com.br:443/sites/default/files/sistema/encarte/produtos/sorvete_nestle_15_tradicional_napolitano_copy.png,2023-11-06 15:15:10.990763,2023-11-06
Petit Suisse Danoninho 320g,6.99,Frios e laticínios,Supermercados Guanabara,www.supermercadosguanabara.com.br:443/sites/default/files/sistema/encarte/produtos/old/f497e2fe75f9540600534451a994bdfc.png,2023-11-06 15:15:10.991364,2023-11-06
Absorvente Intimus Gel Noturno c/8 Unids,4.99,Higiêne pessoal,Supermercados Guanabara,www.supermercadosguanabara.com.br:443/sites/default/files/sistema/encarte/produtos/absorvente_noturno_intimus_c8unid_040819_copy.png,2023-11-06 15:15:11.820682,2023-11-06
Agua Micelar Loreal Paris 200ml,17.98,Higiêne pessoal,Supermercados Guanabara,www.supermercadosguanabara.com.br:443/sites/default/files/sistema/encarte/produtos/agua_micelar_loreal_paris_200ml_240716_copy.png,2023-11-06 15:15:11.821280,2023-11-06
Base BB Cream 30ml,29.98,Higiêne pessoal,Supermercados Guanabara,www.supermercadosguanabara.com.br:443/sites/default/files/sistema/encarte/produtos/bb_cream_loreal_paris_040514_copy.png,2023-11-06 15:15:11.821850,2023-11-06
Condicionador Pantene 3 minutos 170ml,18.99,Higiêne pessoal,Supermercados Guanabara,www.supermercadosguanabara.com.br:443/sites/default/files/sistema/encarte/produtos/condicionador_pantene_3_minutos_170ml_020417_copy.png,2023-11-06 15:15:11.822416,2023-11-06
Condicionador S.O.S. Natutrat 300ml,9.98,Higiêne pessoal,Supermercados Guanabara,www.supermercadosguanabara.com.br:443/sites/default/files/sistema/encarte/produtos/condicionador_natutrat_sos_forca_da_natureza_coco_300ml_010418_copy.png,2023-11-06 15:15:11.822980,2023-11-06
Cicatri Renove Elseve 50ml,13.98,Higiêne pessoal,Supermercados Guanabara,www.supermercadosguanabara.com.br:443/sites/default/files/sistema/encarte/produtos/cicatri_renov_elseve_50ml_130817_copy.png,2023-11-06 15:15:11.823538,2023-11-06
Creme p/ Pentear Elseve loreal 250ml,11.99,Higiêne pessoal,Supermercados Guanabara,www.supermercadosguanabara.com.br:443/sites/default/files/sistema/encarte/produtos/creme_para_pentear_oleo_extraordinario_cachos_elseve_loreal_250ml_190818_copy.png,2023-11-06 15:15:11.824094,2023-11-06
Creme de Tratamento Intensivo Keraform 1Kg,12.98,Higiêne pessoal,Supermercados Guanabara,www.supermercadosguanabara.com.br:443/sites/default/files/sistema/encarte/produtos/creme_de_tratamento_intensivo_oleo_de_argan_keraform_1kg_copy.png,2023-11-06 15:15:11.824650,2023-11-06
Desodorante  Axe Aerossol 150ml,8.99,Higiêne pessoal,Supermercados Guanabara,www.supermercadosguanabara.com.br:443/sites/default/files/sistema/encarte/produtos/desodorante_axe_black_aerossol_150ml_180818_copy.png,2023-11-06 15:15:11.825220,2023-11-06
Desodorante Bozzano Aerossol 150ml,7.99,Higiêne pessoal,Supermercados Guanabara,www.supermercadosguanabara.com.br:443/sites/default/files/sistema/encarte/produtos/desodorante_aerosol_bozzano_150ml_90g_050818_copy.png,2023-11-06 15:15:11.825777,2023-11-06
Desodorante Dove Aerossol  89g/150ml,12.98,Higiêne pessoal,Supermercados Guanabara,www.supermercadosguanabara.com.br:443/sites/default/files/sistema/encarte/produtos/desodorante_aerossol_dove_180819_copy.png,2023-11-06 15:15:11.826339,2023-11-06
Desodorante Leite de Rosas 170ml,3.99,Higiêne pessoal,Supermercados Guanabara,www.supermercadosguanabara.com.br:443/sites/default/files/sistema/encarte/produtos/leite_de_rosas_170ml_170814_copy.png,2023-11-06 15:15:11.826891,2023-11-06
Desodorante Nívea Roll-On 50ml,5.99,Higiêne pessoal,Supermercados Guanabara,www.supermercadosguanabara.com.br:443/sites/default/files/sistema/encarte/produtos/desodorante_rollon_nivea_protect_care_260415_copy.png,2023-11-06 15:15:11.827450,2023-11-06
Shampoo Elseve 375ml + Cond. 170ml,19.98,Higiêne pessoal,Supermercados Guanabara,www.supermercadosguanabara.com.br:443/sites/default/files/sistema/encarte/produtos/kit_elseve_shampoo_375ml_cond_170ml_180820_copy.png,2023-11-06 15:15:11.828014,2023-11-06
Hidratante Paixão 200ml,5.99,Higiêne pessoal,Supermercados Guanabara,www.supermercadosguanabara.com.br:443/sites/default/files/sistema/encarte/produtos/hidratante_paixao_200ml_180819_copy.png,2023-11-06 15:15:11.828573,2023-11-06
Hidratante Monange 200ml,5.99,Higiêne pessoal,Supermercados Guanabara,www.supermercadosguanabara.com.br:443/sites/default/files/sistema/encarte/produtos/hidratante_monange_200ml_180819_copy.png,2023-11-06 15:15:11.829141,2023-11-06
Óleo Extraordinário Elseve 100ml,27.98,Higiêne pessoal,Supermercados Guanabara,www.supermercadosguanabara.com.br:443/sites/default/files/sistema/encarte/produtos/oleo_extraordinario_100ml_elseve_loreal_180819_copy.png,2023-11-06 15:15:11.829699,2023-11-06
Protetor Diário Intimus Days (Leve 80 Pague 60 Unids.),14.98,Higiêne pessoal,Supermercados Guanabara,www.supermercadosguanabara.com.br:443/sites/default/files/sistema/encarte/produtos/absorvente_intimus_antibacteriana_protetor_c80unids040819_copy_0.png,2023-11-06 15:15:11.830253,2023-11-06
Sabonete Flor de Ypê Suave 85g,1.27,Higiêne pessoal,Supermercados Guanabara,www.supermercadosguanabara.com.br:443/sites/default/files/sistema/encarte/produtos/sabonete_flor_de_ype_90g_160918_copy.png,2023-11-06 15:15:11.830813,2023-11-06
Sabonete Francis Suave 85g,1.99,Higiêne pessoal,Supermercados Guanabara,www.supermercadosguanabara.com.br:443/sites/default/files/sistema/encarte/produtos/sabonete_francis_85g_160820_copy.png,2023-11-06 15:15:11.831393,2023-11-06
Sabonete Intimo Dermacyd 200ml (Exc. Neutralize),15.98,Higiêne pessoal,Supermercados Guanabara,www.supermercadosguanabara.com.br:443/sites/default/files/sistema/encarte/produtos/dermacyd_pro_bio_200ml_310116_copy.png,2023-11-06 15:15:11.831957,2023-11-06
Sabonete Líquido Nutriene 250ml,2.97,Higiêne pessoal,Supermercados Guanabara,www.supermercadosguanabara.com.br:443/sites/default/files/sistema/encarte/produtos/sabonete_liquido_nutriene_250ml_130817_copy.png,2023-11-06 15:15:11.832521,2023-11-06
Sabonete Nívea 85g,2.19,Higiêne pessoal,Supermercados Guanabara,www.supermercadosguanabara.com.br:443/sites/default/files/sistema/encarte/produtos/saboenete_nivea_85g_190818_copy.png,2023-11-06 15:15:11.833076,2023-11-06
Sabonete Nívea Creme Care Box 90g,2.99,Higiêne pessoal,Supermercados Guanabara,www.supermercadosguanabara.com.br:443/sites/default/files/sistema/encarte/produtos/sabonete_creme_care_nivea_90g_080516_copy.png,2023-11-06 15:15:11.833637,2023-11-06
Shampoo Clear 400ml,19.98,Higiêne pessoal,Supermercados Guanabara,www.supermercadosguanabara.com.br:443/sites/default/files/sistema/encarte/produtos/shampoo_clear_men_400ml_180820_copy.png,2023-11-06 15:15:11.834200,2023-11-06
Shampoo Dove 400ml,12.98,Higiêne pessoal,Supermercados Guanabara,www.supermercadosguanabara.com.br:443/sites/default/files/sistema/encarte/produtos/shampoo_dove_nutricoaao_e_hidratacoaao_400ml_200618_copy.png,2023-11-06 15:15:11.834773,2023-11-06
Shampoo Elseve  400ml (Exceto Anticaspa),12.98,Higiêne pessoal,Supermercados Guanabara,www.supermercadosguanabara.com.br:443/sites/default/files/sistema/encarte/produtos/shampoo_elseve_400ml_310716_copy.png,2023-11-06 15:15:11.835334,2023-11-06
Shampoo Monange 325ml,5.99,Higiêne pessoal,Supermercados Guanabara,www.supermercadosguanabara.com.br:443/sites/default/files/sistema/encarte/produtos/shampoo_monange_diversos_325ml_140820_copy.png,2023-11-06 15:15:11.835899,2023-11-06
Shampoo Natutrat 300ml,8.99,Higiêne pessoal,Supermercados Guanabara,www.supermercadosguanabara.com.br:443/sites/default/files/sistema/encarte/produtos/shampoo_natutrat_sos_forca_da_natureza_coco_300ml_010418_copy.png,2023-11-06 15:15:11.836453,2023-11-06
Shampoo Seda 325ml,7.99,Higiêne pessoal,Supermercados Guanabara,www.supermercadosguanabara.com.br:443/sites/default/files/sistema/encarte/produtos/shampoo_seda_recarga_natural_325ml_241119_copy.png,2023-11-06 15:15:11.837015,2023-11-06
Coloração Casting,23.98,Higiêne pessoal,Supermercados Guanabara,www.supermercadosguanabara.com.br:443/sites/default/files/sistema/encarte/produtos/creme_gloss_casting_loreal_180819_copy.png,2023-11-06 15:15:11.837580,2023-11-06
Coloração Cor & Ton,9.99,Higiêne pessoal,Supermercados Guanabara,www.supermercadosguanabara.com.br:443/sites/default/files/sistema/encarte/produtos/tintura_cor_ton_coloracao_creme_050818_copy.png,2023-11-06 15:15:11.838212,2023-11-06
Coloração Imedia Excellence L'Oreal (Exc.Tons Vermelhos),23.98,Higiêne pessoal,Supermercados Guanabara,www.supermercadosguanabara.com.br:443/sites/default/files/sistema/encarte/produtos/coloracoaao_imedia_excellence_110819_copy.png,2023-11-06 15:15:11.838810,2023-11-06
Creme Dental Sensodyne 90g,13.48,Higiêne pessoal,Supermercados Guanabara,www.supermercadosguanabara.com.br:443/sites/default/files/sistema/encarte/produtos/creme_dental_sensodyne_rapido_alivio_90g_230820_copy.png,2023-11-06 15:15:11.839393,2023-11-06
Escova Dental Oral B Pro 35 1un,1.99,Higiêne pessoal,Supermercados Guanabara,www.supermercadosguanabara.com.br:443/sites/default/files/sistema/encarte/produtos/escova_dental_oral_b_pro_010219_copy.png,2023-11-06 15:15:11.839955,2023-11-06
Carga Gillette Mach3 Sensitive Leve 3 Pague 2 Unids,17.97,Higiêne pessoal,Supermercados Guanabara,www.supermercadosguanabara.com.br:443/sites/default/files/sistema/encarte/produtos/carga_gilette_mach_3_sensitive_leve_3_pague_2_230820_copy.png,2023-11-06 15:15:11.840511,2023-11-06
Espuma de Barbear Nivea 193g,22.98,Higiêne pessoal,Supermercados Guanabara,www.supermercadosguanabara.com.br:443/sites/default/files/sistema/encarte/produtos/espuma_de_barbear_nivea_men_195g_310716_copy.png,2023-11-06 15:15:11.841072,2023-11-06
Talco Barla Antisséptico 140g,4.99,Higiêne pessoal,Supermercados Guanabara,www.supermercadosguanabara.com.br:443/sites/default/files/sistema/encarte/produtos/talco_barla_140g_121014_copy.png,2023-11-06 15:15:11.841634,2023-11-06
Toalha de Papel Social Clean c/2 unids,2.99,Higiêne pessoal,Supermercados Guanabara,www.supermercadosguanabara.com.br:443/sites/default/files/sistema/encarte/produtos/toalha_de_papel_social_clean_141110_copy.png,2023-11-06 15:15:11.842200,2023-11-06
Alvejante Vanish Sachê 500ml,6.99,Limpeza,Supermercados Guanabara,www.supermercadosguanabara.com.br:443/sites/default/files/sistema/encarte/produtos/alvejante_vanish_sache_500ml_170515_copy.png,2023-11-06 15:15:13.823752,2023-11-06
Amaciante Big Soft 2 litros,4.99,Limpeza,Supermercados Guanabara,www.supermercadosguanabara.com.br:443/sites/default/files/sistema/encarte/produtos/amaciante_big_soft_litros_061019_copy.png,2023-11-06 15:15:13.824354,2023-11-06
Amaciante Downy  500ml,9.99,Limpeza,Supermercados Guanabara,www.supermercadosguanabara.com.br:443/sites/default/files/sistema/encarte/produtos/amaciante_downy_tropical_de_verao_500ml_240319_copy.png,2023-11-06 15:15:13.824918,2023-11-06
Amaciante de Roupas Concentrado Ypê 500ml,4.99,Limpeza,Supermercados Guanabara,www.supermercadosguanabara.com.br:443/sites/default/files/sistema/encarte/produtos/amaciante_ypee_concentrado_500ml_111118_copy.png,2023-11-06 15:15:13.825485,2023-11-06
Amaciante Ypê Aconchego 2L,5.99,Limpeza,Supermercados Guanabara,www.supermercadosguanabara.com.br:443/sites/default/files/sistema/encarte/produtos/ype_aconchergo_promo.png,2023-11-06 15:15:13.826050,2023-11-06
Cera Bilho Fácil 750ml,8.99,Limpeza,Supermercados Guanabara,www.supermercadosguanabara.com.br:443/sites/default/files/sistema/encarte/produtos/cera_brilho_faucil_750ml_140517_copy.png,2023-11-06 15:15:13.826615,2023-11-06
Detergente Ypê 500ml,1.99,Limpeza,Supermercados Guanabara,www.supermercadosguanabara.com.br:443/sites/default/files/sistema/encarte/produtos/detergente_ype_500ml_021218_copy.png,2023-11-06 15:15:13.827195,2023-11-06
Glade Aerossol 360ml c/20% Desc.,8.99,Limpeza,Supermercados Guanabara,www.supermercadosguanabara.com.br:443/sites/default/files/sistema/encarte/produtos/odorizador_glade_20_desconto_360ml_150418_copy.png,2023-11-06 15:15:13.827753,2023-11-06
Inseticida Baygon Ação Total 360ml,8.99,Limpeza,Supermercados Guanabara,www.supermercadosguanabara.com.br:443/sites/default/files/sistema/encarte/produtos/inseticida_baygon_embalafem_economica_360ml_100219_copy.png,2023-11-06 15:15:13.828314,2023-11-06
"Lava Roupas em pó Omo Lavagem Perfeita 1,6kg",14.98,Limpeza,Supermercados Guanabara,www.supermercadosguanabara.com.br:443/sites/default/files/sistema/encarte/produtos/lava_roupas_omo_lavagem_perfeita_16kg_251020_copy.png,2023-11-06 15:15:13.828870,2023-11-06
"Lava Roupas Pó Tixan Ypê Maciez 1,6kg",13.98,Limpeza,Supermercados Guanabara,www.supermercadosguanabara.com.br:443/sites/default/files/sistema/encarte/produtos/16_mciez_promo.png,2023-11-06 15:15:13.829435,2023-11-06
Lava Roupas Líquido Brilhante 3 Litros,18.98,Limpeza,Supermercados Guanabara,www.supermercadosguanabara.com.br:443/sites/default/files/sistema/encarte/produtos/sabao_liquido_brilhante_3_litros_160220_copy.png,2023-11-06 15:15:13.829998,2023-11-06
Lava Roupas Líquido Tixan Ypê 3 Litros,18.98,Limpeza,Supermercados Guanabara,www.supermercadosguanabara.com.br:443/sites/default/files/sistema/encarte/produtos/sabaao_liquido_tixan_ypee_3_litros_111118_copy.png,2023-11-06 15:15:13.830554,2023-11-06
Limpador Multiuso Uau 500ml,2.77,Limpeza,Supermercados Guanabara,www.supermercadosguanabara.com.br:443/sites/default/files/sistema/encarte/produtos/pack_uau_multiuso_500ml_070517_copy.png,2023-11-06 15:15:13.831127,2023-11-06
Limpador Multiuso Ypê 500ml,2.47,Limpeza,Supermercados Guanabara,www.supermercadosguanabara.com.br:443/sites/default/files/sistema/encarte/produtos/multi_uso_ype_classico_500ml_191018_copy.png,2023-11-06 15:15:13.831681,2023-11-06
Limpador Veja Cloro Limpeza Pesada 500ml c/ 20% Desconto,5.99,Limpeza,Supermercados Guanabara,www.supermercadosguanabara.com.br:443/sites/default/files/sistema/encarte/produtos/veja_gold_limpeza_pesada_20_desc_500ml_201017_copy_0.png,2023-11-06 15:15:13.832240,2023-11-06
Limpador Vim Cloro Gel 700ml,9.99,Limpeza,Supermercados Guanabara,www.supermercadosguanabara.com.br:443/sites/default/files/sistema/encarte/produtos/vim_cloro_gel_700ml_191018_copy.png,2023-11-06 15:15:13.832795,2023-11-06
Sabão Pastoso Neutral 500g,8.99,Limpeza,Supermercados Guanabara,www.supermercadosguanabara.com.br:443/sites/default/files/sistema/encarte/produtos/sabao_pastoso_neutral_500g_221102_copy.png,2023-11-06 15:15:13.833351,2023-11-06
Sabão Pastoso Ruth Coco 500g,5.99,Limpeza,Supermercados Guanabara,www.supermercadosguanabara.com.br:443/sites/default/files/sistema/encarte/produtos/sabao_pastoso_ruth_500g_081117_copy.png,2023-11-06 15:15:13.833906,2023-11-06
Saponáceo Cif Cremoso 250ML,5.99,Limpeza,Supermercados Guanabara,www.supermercadosguanabara.com.br:443/sites/default/files/sistema/encarte/produtos/cif_saponaceo_cremoso_250ml_070413_copy.png,2023-11-06 15:15:13.834460,2023-11-06
Mistura para Bolo Italac 400g,3.47,Massas,Supermercados Guanabara,www.supermercadosguanabara.com.br:443/sites/default/files/sistema/encarte/produtos/mistura_para_bolo_italac_400g_201017_copy_0.png,2023-11-06 15:15:14.516491,2023-11-06
Achocolatado Italakinho 200ml,0.89,Matinais e padaria,Supermercados Guanabara,www.supermercadosguanabara.com.br:443/sites/default/files/sistema/encarte/produtos/bebida_lactea_italakinho_italac_200ml_211016_copy.png,2023-11-06 15:15:15.242394,2023-11-06
Aveia Yoki em Flocos 170g,3.49,Matinais e padaria,Supermercados Guanabara,www.supermercadosguanabara.com.br:443/sites/default/files/sistema/encarte/produtos/yoki_aveia_em_flocos_170g_300417_copy.png,2023-11-06 15:15:15.243019,2023-11-06
Café  Melitta  500g,15.98,Matinais e padaria,Supermercados Guanabara,www.supermercadosguanabara.com.br:443/sites/default/files/sistema/encarte/produtos/cafe_melitta_trad_sache_500g_050818_copy.png,2023-11-06 15:15:15.243589,2023-11-06
Café Pimpinela Golden  500g,13.98,Matinais e padaria,Supermercados Guanabara,www.supermercadosguanabara.com.br:443/sites/default/files/sistema/encarte/produtos/download.jpg,2023-11-06 15:15:15.244154,2023-11-06
Cereal Matinal Nescau 210g,6.99,Matinais e padaria,Supermercados Guanabara,www.supermercadosguanabara.com.br:443/sites/default/files/sistema/encarte/produtos/nescau_cereal_210g_030319_copy.png,2023-11-06 15:15:15.244712,2023-11-06
Leite em Pó Desn. Molico LT Nestlé Leve 280g Pg 252g,12.98,Matinais e padaria,Supermercados Guanabara,www.supermercadosguanabara.com.br:443/sites/default/files/sistema/encarte/produtos/leite_em_po_desnatado_molico_10_por_cento_gratis_280g_120820_copy.png,2023-11-06 15:15:15.245270,2023-11-06
Leite em Pó Inst. Glória Sachê 400g,9.99,Matinais e padaria,Supermercados Guanabara,www.supermercadosguanabara.com.br:443/sites/default/files/sistema/encarte/produtos/leite_em_po_inst_gloria_integral_400g_250820_copy.png,2023-11-06 15:15:15.245825,2023-11-06
Leite em Pó Inst. Italac Sachê 400g,10.9,Matinais e padaria,Supermercados Guanabara,www.supermercadosguanabara.com.br:443/sites/default/files/sistema/encarte/produtos/leite_em_po_italac_integral_instantaneo_400_160220_copy.png,2023-11-06 15:15:15.246382,2023-11-06
Pão de Forma Seven Boys Tradicional 450g,4.99,Matinais e padaria,Supermercados Guanabara,www.supermercadosguanabara.com.br:443/sites/default/files/sistema/encarte/produtos/pao_de_forma_seven_boys_trad_450g_141020_copy.png,2023-11-06 15:15:15.246958,2023-11-06
