titulo;url;descricao;data_hora;texto_bruto;categoria;origem
Moraes manda apreender armas, passaporte e bens de Carla Zambelli;https://g1.globo.com/politica/noticia/2023/08/02/moraes-mandou-pf-apreender-passaporte-armas-e-objetos-acima-de-r-10-mil-de-zambelli-veja-detalhes.ghtml;Nesta quarta, PF prendeu o hacker Walter Delgatti Neto, da Vaza Jato, e fez buscas e apreens√µes em endere√ßos da deputada. Zambelli nega participa√ß√£o em ato il√≠cito.;2023-08-02T13:17:23.970Z;1 de 1
A deputada federal Carla Zambelli (PL-SP), em imagem de 1¬∫ de mar√ßo de 2023 ‚Äî Foto: Wallace Martins/Futura Press/Estad√£o Conte√∫do     A deputada federal Carla Zambelli (PL-SP), em imagem de 1¬∫ de mar√ßo de 2023 ‚Äî Foto: Wallace Martins/Futura Press/Estad√£o Conte√∫do                Na decis√£o em que autorizou a opera√ß√£o da Pol√≠cia Federal desta quarta-feira (2) contra a deputada Carla Zambelli (PL-SP), o ministro Alexandre de Moraes, do Supremo Tribunal Federal (STF), determinou, entre outras medidas, a apreens√£o do passaporte, armas e bens acima de R$ 10 mil cuja origem n√£o seja comprovadamente legal.        A TV Globo apurou detalhes do despacho do ministro, que foi assinado nesta ter√ßa-feira (1¬∫). Nesta quarta, a PF prendeu o hacker Walter Delgatti Neto, da Vaza Jato, e fez buscas e apreens√µes em endere√ßos de Carla Zambelli, como o gabinete parlamentar e o apartamento funcional dela, em Bras√≠lia.                                   Policiais deixam apartamento da deputada Carla Zambelli ap√≥s buscas e apreens√µes         A PF investiga a inser√ß√£o de alvar√°s de soltura e mandados de pris√£o falsos no Banco Nacional de Monitoramento de Pris√µes (BNMP).       Entre outras medidas contra a deputada, Moraes determinou:      a apreens√£o de armas, muni√ß√µes, computadores, tablets, celulares e outros dispositivos eletr√¥nicos, e passaporte.busca e apreens√£o em carros eventualmente encontrados nos endere√ßos da deputada e nos arm√°rios de garagem.apreens√£o de dinheiro e bens (joias, ve√≠culos, obras de arte e outros objetos) em valores superiores a R$ 10 mil, desde que n√£o comprovada cabalmente, no local dos fatos, a origem licita.                            PF realiza opera√ß√£o contra a deputada Carla Zambelli                    Quebras de sigilo      Moraes tamb√©m determinou as quebras dos sigilos banc√°rios, no per√≠odo de junho de 2022 a junho de 2023, de Carla Zambelli e Walter Delgatti Neto. E tamb√©m da empresa em nome do hacker, a Delgatti Desenvolvimento de Sistemas.       O ministro tamb√©m ordenou a quebra de sigilo banc√°rio, no mesmo per√≠odo, de Jean Hernani Guimar√£es Vilela, assessor da deputada na C√¢mara dos Deputados, e de Renan Cesar Silva Goulart, ex-assessor de Carla Zambelli.       Moraes determinou ainda a quebra de sigilo banc√°rio, de junho de 2022 a junho de 2023, de Thiago Eliezer Martins Santos, hacker que tamb√©m esteve envolvido na Vaza Jato.            A opera√ß√£o da PF      A opera√ß√£o desta quarta foi chamada de 3FA. Segundo a PF, o nome faz refer√™ncia √† autentica√ß√£o de dois fatores (2FA), m√©todo de seguran√ßa de gerenciamento de identidade e acesso que exige duas formas de identifica√ß√£o para acessar recursos e dados.       O nome se refere ao fato de os mandados falsos de pris√£o e soltura terem sido inseridos nos bancos de dados do Judici√°rio Federal ap√≥s invas√£o dos sistemas, com o uso de credenciais falsas obtidas de forma il√≠cita.       Segundo as investiga√ß√µes, ap√≥s invadirem o sistema, o grupo passou a ter acesso remoto aos bancos de dados. Esse acesso foi interrompido ap√≥s a descoberta, e medidas foram tomadas para evitar novas invas√µes.       Ainda de acordo com a PF, os fatos investigados configuram, em tese, os crimes de invas√£o de dispositivo inform√°tico e falsidade ideol√≥gica.      O que dizem os envolvidos      Em nota, a defesa de Walter Delgatti Neto confirmou a pris√£o do hacker, disse que n√£o teve acesso √† decis√£o e que ele est√° detido na Pol√≠cia Federal em Araraquara (SP).       A defesa de Carla Zambelli divulgou nota em que confirma as buscas e nega irregularidades da deputada. Leia abaixo:       A deputada federal Carla Zambelli confirma a realiza√ß√£o de mandados de busca e apreens√£o em seus endere√ßos nesta quarta-feira. A medida foi recebida com surpresa, porque a Deputada peticionou, atrav√©s de seu advogado constitu√≠do, o Dr. Daniel Bialski, colocando-se √† disposi√ß√£o para prestar todas informa√ß√µes necess√°rias e em nenhum momento a parlamentar deixou de cooperar com as autoridades. Respeita-se a decis√£o judicial, contudo, refuta-se a suspeita que tenha participado de qualquer ato il√≠cito. Por fim, a Deputada Carla Zambelli aguardar√°, com tranquilidade, o desfecho das investiga√ß√µes e a demonstra√ß√£o de sua inoc√™ncia.;Pol√≠tica;G1
Hacker disse √† PF que Bolsonaro perguntou se ele poderia invadir urnas;https://g1.globo.com/politica/blog/camila-bomfim/post/2023/08/02/hacker-da-vaza-jato-diz-a-pf-que-se-reuniu-com-bolsonaro-no-alvorada-para-tratar-de-urnas-eletronicas.ghtml;Blog da Camila Bomfim;2023-08-02T13:56:12.423Z;1 de 1
A deputada Carla Zambelli postou foto de encontro com Walter Delgatti ‚Äî Foto: Reprodu√ß√£o/Twitter     A deputada Carla Zambelli postou foto de encontro com Walter Delgatti ‚Äî Foto: Reprodu√ß√£o/Twitter                O hacker Walter Delgatti Neto, preso nesta quarta-feira (2) pela Pol√≠cia Federal, havia dito em depoimento anterior √† corpora√ß√£o que se reuniu com o ex-presidente Jair Bolsonaro (PL), no Pal√°cio da Alvorada, para tratar do sistema das urnas eletr√¥nicas.        Segundo Delgatti Neto, no encontro, Bolsonaro perguntou se ele conseguiria invadir as urnas eletr√¥nicas se estivesse munido do c√≥digo-fonte dos equipamentos. O hacker disse aos investigadores, no entanto, que isso n√£o foi adiante.       A reuni√£o entre Bolsonaro e o hacker teria sido intermediada pela deputada federal Carla Zambelli (PL-SP), tamb√©m alvo da opera√ß√£o da PF desta quarta (veja detalhes abaixo).             Delgatti Neto disse aos investigadores que s√≥ poderia ter acesso ao c√≥digo-fonte das urnas dentro da sede do Tribunal Superior Eleitoral (TSE), e que n√£o poderia ir l√°.       Para garantir a seguran√ßa dos equipamentos, a Corte autoriza o acesso antecipado aos sistemas eleitorais, para fins de auditoria, 12 meses antes da data do primeiro turno. No entanto, segundo o TSE, o acesso ocorre em ambiente espec√≠fico e sob a supervis√£o do tribunal.       QUE apenas pode afirmar que a Deputada Carla Zambelli esteve envolvida nos atos do declarante, sendo que o declarante, conforme saiu em reportagem, encontrou o ex- Presidente Jair Bolsonaro no Pal√°cio do Alvorada, tendo o mesmo lhe perguntado se o declarante, munido do c√≥digo fonte, conseguiria invadir a Urna Eletr√¥nica, mas isso n√£o foi adiante, pois o acesso que foi dado pelo TSE foi apenas na sede do Tribunal, e o declarante n√£o poderia ir at√© l√°, sendo que tudo que foi colocado no Relat√≥rio das For√ßas Armadas foi com base em explica√ß√µes do declarante, diz o relat√≥rio da PF.                             PF realiza opera√ß√£o contra a deputada Carla Zambelli                    Opera√ß√£o 3FA      Os investigadores apuram se Delgatti Neto invadiu o site do Conselho Nacional de Justi√ßa (CNJ) e inseriu documentos fraudados no Banco Nacional de Monitoramento de Pris√µes ‚Äì incluindo um falso mandado de pris√£o contra o ministro do STF Alexandre de Moraes.       Segundo o hacker, os servi√ßos ilegais teriam sido solicitados por Carla Zambelli. A PF afirma que Delgatti recebeu pelo menos R$ 13,5 mil de assessores da parlamentar.       A opera√ß√£o desta quarta, autorizada pelo ministro Alexandre de Moraes, cumpriu uma ordem de pris√£o preventiva contra Walter Delgatti Neto e cinco mandados de busca e apreens√£o contra ele e Carla Zambelli (tr√™s no DF, dois em SP).             Entre outras medidas contra a deputada, Moraes determinou:      a apreens√£o de armas, muni√ß√µes, computadores, tablets, celulares e outros dispositivos eletr√¥nicos, e passaporte.busca e apreens√£o em carros eventualmente encontrados nos endere√ßos da deputada e nos arm√°rios de garagem:apreens√£o de dinheiro e bens (joias, ve√≠culos, obras de arte e outros objetos) em valores superiores a R$ 10 mil, desde que n√£o comprovada cabalmente, no local dos fatos, a origem licita.      A opera√ß√£o desta quarta foi chamada de 3FA. Segundo a PF, o nome faz refer√™ncia √† autentica√ß√£o de dois fatores (2FA), m√©todo de seguran√ßa de gerenciamento de identidade e acesso que exige duas formas de identifica√ß√£o para acessar recursos e dados.       O nome se refere ao fato de os mandados falsos de pris√£o e soltura terem sido inseridos nos bancos de dados do Judici√°rio Federal ap√≥s invas√£o dos sistemas, com o uso de credenciais falsas obtidas de forma il√≠cita.       Ainda de acordo com a PF, os fatos investigados configuram, em tese, os crimes de invas√£o de dispositivo inform√°tico e falsidade ideol√≥gica.       LEIA TAMB√âM      Assessores de Carla Zambelli repassaram ao menos R$ 13,5 mil a Walter Delgatti, diz PFInvas√£o de dispositivo e falsidade ideol√≥gica: os crimes citados na pris√£o de Walter Delgatti Neto           O que dizem os citados      Em nota, a defesa de Walter Delgatti Neto confirmou a pris√£o do hacker, disse que n√£o teve acesso √† decis√£o e que ele est√° detido na Pol√≠cia Federal em Araraquara (SP).       A defesa de Carla Zambelli divulgou nota em que confirma as buscas e nega irregularidades da deputada. Leia abaixo:       A deputada federal Carla Zambelli confirma a realiza√ß√£o de mandados de busca e apreens√£o em seus endere√ßos nesta quarta-feira. A medida foi recebida com surpresa, porque a Deputada peticionou, atrav√©s de seu advogado constitu√≠do, o Dr. Daniel Bialski, colocando-se √† disposi√ß√£o para prestar todas informa√ß√µes necess√°rias e em nenhum momento a parlamentar deixou de cooperar com as autoridades. Respeita-se a decis√£o judicial, contudo, refuta-se a suspeita que tenha participado de qualquer ato il√≠cito. Por fim, a Deputada Carla Zambelli aguardar√°, com tranquilidade, o desfecho das investiga√ß√µes e a demonstra√ß√£o de sua inoc√™ncia.;Pol√≠tica;G1
Smart Hospital vence leil√£o para gerir a maior emerg√™ncia de sa√∫de do RJ;https://g1.globo.com/rj/rio-de-janeiro/noticia/2023/08/02/consorcio-smart-hospital-vence-leilao-para-parceria-publico-privada-do-complexo-hospitalar-souza-aguiar.ghtml;N√£o houve concorrentes. O contrato √© de 30 anos e o investimento supera R$ 850 milh√µes. Essa √© a primeira Parceria P√∫blico-Privada na √°rea da sa√∫de no estado do Rio. A PPP n√£o √© uma privatiza√ß√£o.;2023-08-02T17:40:10.825Z;1 de 2
Hospital Municipal Souza Aguiar, no Centro do Rio ‚Äî Foto: Reprodu√ß√£o/TV Globo     Hospital Municipal Souza Aguiar, no Centro do Rio ‚Äî Foto: Reprodu√ß√£o/TV Globo                O Cons√≥rcio Smart Hospital venceu o leil√£o da primeira parceria p√∫blico-privada (PPP) para administrar o Complexo Hospitalar Souza Aguiar, no Centro do Rio. O leil√£o foi realizado nesta quarta-feira (2) na sede da B3, em S√£o Paulo.        O cons√≥rcio foi o √∫nico a se credenciar para o leil√£o e apresentou uma proposta anual de R$ 191.773.351,61. Esse √© o valor que a Prefeitura do Rio ter√° que pagar anualmente para a empresa. A PPP n√£o √© uma privatiza√ß√£o.        O teto estabelecido pela prefeitura foi de R$ 197 milh√µes, o que representa um des√°gio de 2,5% do lance vencedor.             O secret√°rio municipal de Sa√∫de, Daniel Soranz, disse que o novo modelo de administra√ß√£o j√° √© adotado em v√°rios pa√≠ses.      √â muito importante diferenciar, n√£o h√° uma privatiza√ß√£o do Sistema √önico de Sa√∫de. As pessoas continuam sendo atendidas sem necessidade de qualquer pagamento. O custo √© financiado pelos impostos como prev√™ o Sistema √önico de Sa√∫de, um sistema solid√°rio e universal, mas com o recurso p√∫blico sendo utilizado de uma maneira muito mais eficiente, disse Soranz.       E completou:       Em vez de a gente realizar 180 licita√ß√µes por ano para a mauten√ß√£o de v√°rios equipamentos, a gente fez um √∫nico preg√£o que vai durar 30 anos. √â muito mais inteligente.       A ideia √© levar o mesmo tipo de modelo de administra√ß√£o para outras unidades, como o Hospital Salgado Filho, no M√©ier, e duas maternidades.      Concess√£o de 30 anos      No total, ser√£o mais de R$ 850 milh√µes em investimentos, sendo R$ 530 milh√µes nos tr√™s primeiros anos. O contrato tem prazo de 30 anos, e o cons√≥rcio vencedor ser√° respons√°vel pela moderniza√ß√£o, adequa√ß√£o de instala√ß√µes prediais e presta√ß√£o de servi√ßos n√£o assistenciais, incluindo alimenta√ß√£o, seguran√ßa, estacionamento, log√≠stica e tecnologia da informa√ß√£o.       Soranz destacou que a unidade tem hoje v√°rios equipamentos obsoletos, como tom√≥grafos e raio-x, e com o investimento ser√° poss√≠vel oferecer um atendimento melhor √† popula√ß√£o.             √â a garantia de recursos financeiros para que a gente possa honrar a presta√ß√£o do servi√ßo.       Nada muda no atendimento m√©dico √† popula√ß√£o, que segue sendo oferecido pelo Sistema √önico de Sa√∫de.       Para Lucas Costa, diretor de Estrutura√ß√£o e Projetos da Companhia Carioca de Parcerias e Investimentos (CCPar), empresa da prefeitura, o projeto trouxe inova√ß√µes importantes e desafiadoras.       Nesse segmento da sa√∫de, o primeiro projeto foi na Bahia, aqui no Brasil. Isso j√° tem 13 anos. Ent√£o, demorou um pouco a acelerar, mas nos √∫ltimos meses e 2, 3 anos, tem-se multiplicado muito esse projeto no segmento de sa√∫de. E tem-se mostrado um modelo exitoso, vi√°vel e que traz aumento de produtividade e efici√™ncia para o sistema, destacou.       O projeto teve duas importantes etapas, que contaram com a participa√ß√£o da popula√ß√£o: a consulta p√∫blica entre 3 de outubro e 4 de novembro de 2022. e a audi√™ncia p√∫blica em 14 de dezembro de 2022.       Ao todo foram 292 sugest√µes analisadas pelo corpo t√©cnico da Prefeitura do Rio, que ajudaram no aprimoramento do edital e dos anexos.             2 de 2
Hospital Municipal Souza Aguiar, no Centro do Rio ‚Äî Foto: Reprodu√ß√£o/TV Globo     Hospital Municipal Souza Aguiar, no Centro do Rio ‚Äî Foto: Reprodu√ß√£o/TV Globo             Maior emerg√™ncia da Am√©rica Latina      O Hospital Municipal Souza Aguiar √© a maior emerg√™ncia p√∫blica da Am√©rica Latina, com atendimento gratuito pelo SUS.       Em 2022, a unidade registrou 9.600 interna√ß√µes. 7.800 cirurgias. 40 mil tomografias. e 54.300 exames de raio-x. Localizado no Centro do Rio, a unidade, que tem 115 anos, atende milhares de pessoas n√£o s√≥ da capital, mas de toda a Regi√£o Metropolitana e do interior do estado.       Complementam o complexo de sa√∫de o Centro de Emerg√™ncia Regional (CER) Centro, que realizou 74.700 atendimentos em 2022. e a Maternidade Maria Am√©lia Buarque de Hollanda, que registrou 6.400 interna√ß√µes e 4.400 partos no ano passado.;Rio de Janeiro;G1
N¬∫ de mortos em opera√ß√£o da PM no litoral de SP chega a 16;https://g1.globo.com/sp/santos-regiao/noticia/2023/08/02/ssp-confirma-16-mortes-em-operacao-da-policia-no-litoral-de-sp.ghtml;A√ß√£o da pol√≠cia come√ßou no dia 28 de julho ap√≥s execu√ß√£o de PM da Rota, em Guaruj√°. Ouvidoria da PM diz que apura poss√≠veis excessos.;2023-08-02T14:41:31.865Z;1 de 3
Policiamento em Guaruj√° (SP) foi refor√ßado durante Opera√ß√£o Escudo ‚Äî Foto: Reprodu√ß√£o     Policiamento em Guaruj√° (SP) foi refor√ßado durante Opera√ß√£o Escudo ‚Äî Foto: Reprodu√ß√£o                Dezesseis pessoas morreram desde o in√≠cio da Opera√ß√£o Escudo, realizada na Baixada Santista, no litoral de S√£o Paulo. A a√ß√£o da pol√≠cia come√ßou na √∫ltima sexta-feira (28) ap√≥s execu√ß√£o de um PM da equipe Rondas Ostensivas Tobias Aguiar (Rota) durante patrulhamento.       Compartilhe no WhatsAppCompartilhe no Telegram      As duas novas mortes confirmadas nesta quarta-feira (2) aconteceram em Santos e ainda est√£o sem identifica√ß√£o. Uma ocorreu, durante a madrugada, na Rua Tr√™s, no Morro da Penha. Junto com o suspeito, a pol√≠cia apreendeu arma, drogas e apetrechos do tr√°fico. A segunda morte confirmada foi de um suspeito baleado na ter√ßa-feira (1) na Rua Engenheiro Jos√© Garcia da Silva, no bairro Jabaquara.             Segundo a Secretaria de Seguran√ßa P√∫blica (SSP-SP), todos os casos s√£o investigados pela Divis√£o Especializada de Investiga√ß√µes Criminais (DEIC) de Santos e pela Pol√≠cia Militar, por meio de Inqu√©rito Policial Militar (IPM).      Quem s√£o os mortos na a√ß√£o da pol√≠cia em Guaruj√°O que se sabe e o que falta esclarecer sobre o caso      As mortes ocorrem desde a sexta-feira. A ouvidoria da PM alertou que est√° na regi√£o recebendo den√∫ncias de excessos dos agentes envolvidos na Opera√ß√£o Escudo. As mortes tamb√©m est√£o sendo acompanhadas pelo Minist√©rio P√∫blico.       Entre os casos, est√£o Cleiton Barbosa Moreira, que a fam√≠lia diz ter sido morto ap√≥s ser tirado de casa, onde estava com o filho beb√™. Ele trabalhava como ajudante de pedreiro. E de Filipe do Nascimento, 22 anos. O chefe dele de Filipe disse ao g1 que o homem havia sa√≠do para comprar macarr√£o quando foi baleado. O rapaz trabalhava em uma barraca na praia.       A SSP disse que as imagens das c√¢meras corporais v√£o ser anexadas nos inqu√©ritos e entregues ao Minist√©rio P√∫blico, Poder Judici√°rio e a Corregedoria da PM.       Ao todo, 58 pessoas foram presas na Opera√ß√£o Escudo na Baixada Santista, entre os dias 28 de julho e 1 de agosto. Outros quatro adolescentes foram apreendidos por tr√°fico de drogas. At√© esta ter√ßa-feira (1) a pol√≠cia apreendeu 385 quilos de entorpecentes e 18 armas, entre pistolas e fuzis.            Leia tamb√©m     Homem morto em a√ß√£o da pol√≠cia teve o filho tirado do colo antes de ser fuzilado em mangue, diz esposa. V√çDEOOpera√ß√£o policial e mortes em Guaruj√°: o que se sabe e o que falta esclarecerSecret√°rio de Seguran√ßa de SP diz que se criminosos n√£o baixarem as armas policiais ter√£o resposta √† altura     Entenda o caso                            O que se sabe sobre a morte de um policial da Rota em Guaruj√° e da Opera√ß√£o Escudo         O soldado Patrick Bastos Reis foi baleado enquanto fazia um patrulhamento na comunidade da Vila J√∫lia em Guaruj√°, na quinta-feira (27). A morte dele foi confirmada no mesmo dia. Al√©m dele, um outro policial foi baleado na m√£o esquerda, encaminhado para o Hospital Santo Amaro e liberado.             Ap√≥s o caso, a Pol√≠cia Militar iniciou a Opera√ß√£o Escudo, com o objetivo de capturar os criminosos respons√°veis pela a√ß√£o contra os agentes.       Erickson, tamb√©m conhecido como Deivinho, foi capturado na Zona Sul de S√£o Paulo, durante a noite do √∫ltimo domingo (30). Segundo informa√ß√µes da pol√≠cia, Erickson tem 28 anos, √© solteiro e teria atirado em dire√ß√£o ao soldado da Rota de uma dist√¢ncia de mais de 50 metros.       Na segunda-feira (31), Erickson foi encaminhado ao F√≥rum de Santos, onde passou por audi√™ncia de cust√≥dia, que come√ßou por volta das 10h. A Justi√ßa definiu que a pris√£o tempor√°ria foi mantida por 30 dias.             2 de 3
Erickson David da Silva √© um dos apontados como respons√°veis pelos disparos contra o PM em Guaruj√° (SP). ‚Äî Foto: Reprodu√ß√£o     Erickson David da Silva √© um dos apontados como respons√°veis pelos disparos contra o PM em Guaruj√° (SP). ‚Äî Foto: Reprodu√ß√£o             Defesa       Em entrevista √† TV Tribuna, afiliada da TV Globo, o advogado do Wilton Felix disse que suspeito se diz inocente e estava na comunidade da Vila Zilda, em Guaruj√°, para comprar drogas. Ele [Erickson] alega e atesta que n√£o participou do evento morte. Na fatalidade, ele estava comprando droga, por fazer uso de entorpecentes, quando ouviu v√°rios tiros e no pavor da situa√ß√£o, ele fugiu do local, explicou Felix.       Ainda segundo o advogado, imagens do suspeito foram vinculadas como sendo o principal suspeito de ter realizado o disparo de ter matado o policial. Ele ficou com receio e foi para outra cidade, sendo hoje (domingo), de livre e espont√¢nea vontade, se integrou as autoridades, na Corregedoria da Pol√≠cia, mostrando que acredita que ele foi v√≠tima de uma injusti√ßa, disse o advogado.      Mortes                            Suspeito de matar policial do ROTA pede para Tarc√≠sio parar de matar inocentes               Em v√≠deo gravado antes de ser preso, o suspeito afirma, em relato direcionado ao governador de SP e ao secret√°rio de Seguran√ßa P√∫blica, que est√£o matando uma p√° de gente inocente. Ele diz n√£o ter nada a ver com o caso, mas que vai se entregar. Erickson diz ainda que est√£o querendo pegar sua fam√≠lia (veja o v√≠deo acima).       O secret√°rio de Seguran√ßa P√∫blica de S√£o Paulo, Guilherme Derrite, afirmou nesta segunda-feira (31) que o v√≠deo gravado pelo suspeito foi uma estrat√©gia do crime organizado.       A verdade √© que esse v√≠deo que ele fez, orientado pelos seus defensores, inclusive tem √°udio do advogado o orientando a fazer esse v√≠deo, se os senhores ainda n√£o possuem, ao longo das investiga√ß√µes v√£o tomar conhecimento disso, √© uma estrat√©gia do crime organizado, inclusive de cooptar moradores, de cooptar pessoas das comunidades que tamb√©m s√£o v√≠timas do tr√°fico organizado apresentando vers√µes, afirmou.       At√© a √∫ltima atualiza√ß√£o desta reportagem, SSP-SP confirmou que o n√∫mero de mortes subiu para 16 durante a Opera√ß√£o Escudo realizada em Guaruj√° (SP). A a√ß√£o da pol√≠cia come√ßou, na √∫ltima sexta-feira (28) ap√≥s execu√ß√£o de PM da equipe Rondas Ostensivas Tobias Aguiar (Rota) durante patrulhamento na regi√£o.             3 de 3
Governador Tarc√≠sio de Freitas durante coletiva sobre opera√ß√µes na Baixada Santista e Centro de SP ‚Äî Foto: Governo de SP     Governador Tarc√≠sio de Freitas durante coletiva sobre opera√ß√µes na Baixada Santista e Centro de SP ‚Äî Foto: Governo de SP             Refor√ßo      O governador de S√£o Paulo, Tarc√≠sio de Freitas (Republicanos), e o secret√°rio de seguran√ßa do estado, Guilherme Derrite, anunciaram aumento do efetivo policial e uma nova unidade em Guaruj√°, no litoral de S√£o Paulo, ap√≥s a morte do PM da Rota Patrick Bastos Reis. Segundo o governador, as a√ß√µes se fazem necess√°rias pois o tr√°fico ocupou a Baixada Santista.       De acordo com Tarc√≠sio, a Opera√ß√£o Escudo vai continuar na Baixada Santista por pelo menos 30 dias. Al√©m disso, o governador ainda prometeu novas a√ß√µes na regi√£o.       N√≥s vamos levar para a Baixada Santista o aumento de efetivo, unidade da Pol√≠cia Militar. N√≥s devemos ter mais uma unidade da Pol√≠cia na Baixada para aumentar o efetivo e responder o anseio da Baixada, disse Tarc√≠sio.                    V√çDEOS: g1 em 1 minuto Santos           50 v√≠deos;Santos e Regi√£o;G1
Opera√ß√£o policial no Rio deixa 10 mortos. v√≠deos mostram tiros;https://g1.globo.com/rj/rio-de-janeiro/noticia/2023/08/02/policias-militar-e-civil-fazem-operacao-no-complexo-da-penha-moradores-relatam-intenso-confronto.ghtml;De acordo com informa√ß√µes do Setor de Intelig√™ncia da Pol√≠cia Militar, ocorreria uma reuni√£o de chefes do tr√°fico de uma fac√ß√£o criminosa na Vila Cruzeiro. Entre os feridos est√° um PM atingido no abd√¥men.;2023-08-02T09:29:25.641Z;Opera√ß√£o no Complexo da Penha deixa 10 mortos e tr√™s feridos                 Dez pessoas morreram e cinco ficaram feridas durante uma opera√ß√£o das pol√≠cias Militar e Civil no Complexo da Penha, Zona Norte do Rio, na manh√£ desta quarta-feira (2). Dois dos feridos s√£o policiais militares do Bope.        Segundo a PM, 9 pessoas que foram baleadas s√£o suspeitas de participar da troca de tiros e foram socorridas pelas for√ßas policiais e morreram no Hospital Get√∫lio Vargas. Uma v√≠tima foi socorrida por moradores e n√£o teve sua identidade apurada.       A opera√ß√£o policial come√ßou por volta das 3h da manh√£ e s√≥ terminou √†s 14h, depois de um protesto envolvendo moto-taxistas.       A motiva√ß√£o para a a√ß√£o desta quarta foi a informa√ß√£o da intelig√™ncia da Pol√≠cia Militar, que descobriu que haveria uma reuni√£o de l√≠deres do Comando Vermelho em uma regi√£o dentro do Complexo da Penha, conhecida como Vacaria.             Segundo moradores, os confrontos e tiroteios come√ßaram por volta das 3h. Muitos tiros, muitos tiros na mata. O caveir√£o subiu a parte da mata e bateu de frente com os bandidos todos armados, fortemente armados. A√≠, estourou uma cena de guerra intensa aqui em cima na mata, disse um morador.      Estamos trabalhando para garantir a paz e seguran√ßa fluminense. O Estado vai tomar as medidas necess√°rias para garantir isso. √â poss√≠vel e prov√°vel que tenha mais lideran√ßas do tr√°fico entre os mortos que ainda n√£o foram identificados. Fomos l√° para prend√™-los, mas eles enfrentaram e acabaram mortos, afirmou o coronel Marco Andrade.      Durante o confronto, um policial militar foi ferido no abd√¥men e levado para o Hospital Estadual Get√∫lio Vargas (HGV), na Penha. Em seguida, ele foi transferido para o Hospital Central da Pol√≠cia Militar, no Est√°cio, no Centro do Rio. O estado de sa√∫de do PM √© est√°vel.       Outro foi ferido por estilha√ßos no local do confronto,sem gravidade e socorrido ali mesmo.      Criminosos mortos      Um dos mortos foi identificado como Carlos Alberto Marques Toledo, conhecido como Fiel da Penha. Ele era gerente do tr√°fico de drogas no Sereno/Chatuba e vinha sendo procurado pela pol√≠cia.             1 de 5
Carlos Alberto Marques Toledo, conhecido como Fiel da Penha, um dos mortos ‚Äî Foto: Reprodu√ß√£o     Carlos Alberto Marques Toledo, conhecido como Fiel da Penha, um dos mortos ‚Äî Foto: Reprodu√ß√£o              Outro morto foi identificado como sendo o traficante Du Leme. Carlos Henrique da Silva Brand√£o era procurado pela pol√≠cia e acusado de ser chefe do tr√°fico de drogas na Chatuba. Ele tinha quatro mandados de pris√£o em aberto.       Agentes do Batalh√£o de Opera√ß√µes Especiais (Bope) e a Coordenadoria de Recursos Especiais (Core) da Pol√≠cia Civil est√£o na Vila Cruzeiro e na Chatuba em busca de suspeitos que fariam parte da lideran√ßa do Comando Vermelho (CV).       Um helic√≥ptero blindado da Pol√≠cia Civil sobrevoa as comunidades da Chatuba e Vila Cruzeiro. Al√©m disso, ve√≠culos blindados percorrem vielas da favela e do seu entorno.      Escolas sem aulas      No in√≠cio da manh√£, as escolas n√£o tinham sido impactadas por conta do jogo da sele√ß√£o brasileira na Copa Feminina de Futebol. As aulas estavam previstas para come√ßar √†s 11h, o que n√£o ocorreu em fun√ß√£o do tiroteio. Ao todo, 3.220 estudantes ficaram sem aulas nesta manh√£.       Quem precisa subir o morro de carro n√£o consegue, tem que esperar e se abrigar em algum local seguro para escapar do tiroteio. Os moradores n√£o podem sair de suas casas para ir trabalhar, nem pra levar as crian√ßas para a escola, disse um morador.       As visitas domiciliares das equipes de sa√∫de que atendem na comunidade tamb√©m foram suspensas.                   2 de 5
Armas apreendidas no Complexo da Penha na manh√£ desta quarta-feira (2) ‚Äî Foto: Divulga√ß√£o     Armas apreendidas no Complexo da Penha na manh√£ desta quarta-feira (2) ‚Äî Foto: Divulga√ß√£o        A Pol√≠cia Civil sustenta que a Vila Cruzeiro √© um dos principais redutos do Comando Vermelho, onde os bandidos se estruturam para iniciar guerras e invas√µes a territ√≥rios de bandos inimigos.       At√© o momento, sete fuzis, muni√ß√µes e granadas foram apreendidos. A ocorr√™ncia foi encaminhada para a Delegacia de Homic√≠dios da Capital.       üîî O g1 Rio agora est√° no Comunidades WhatsApp. Clique aqui para participar e para receber as not√≠cias do Grande Rio direto no seu celular!             3 de 5
Imagens de barricadas em vielas do Complexo da Penha e um helic√≥ptero da Civil sobrevoando o local ‚Äî Foto: Reprodu√ß√£o/TV Globo     Imagens de barricadas em vielas do Complexo da Penha e um helic√≥ptero da Civil sobrevoando o local ‚Äî Foto: Reprodu√ß√£o/TV Globo                    4 de 5
Helic√≥ptero da Civil d√° rasantes no Complexo da Penha ‚Äî Foto: Reprodu√ß√£o/TV Globo     Helic√≥ptero da Civil d√° rasantes no Complexo da Penha ‚Äî Foto: Reprodu√ß√£o/TV Globo              5 de 5
PM do Bope foi socorrido para o Hospital Get√∫lio Vargas ‚Äî Foto: Reprodu√ß√£o     PM do Bope foi socorrido para o Hospital Get√∫lio Vargas ‚Äî Foto: Reprodu√ß√£o;Rio de Janeiro;G1
Como funciona o programa de livros did√°ticos que SP abandonou;https://g1.globo.com/educacao/noticia/2023/08/02/como-funciona-o-pnld-programa-de-livros-didaticos-abandonado-pela-rede-estadual-de-sao-paulo.ghtml;Programa do governo federal seleciona obras produzidas por editoras e forma um card√°pio com as que forem aprovadas pelo comit√™ t√©cnico. Escolas escolhem livros que desejam adotar e os recebem gratuitamente.;2023-08-02T12:58:45.131Z;1 de 2
Biblioteca em escola de Uberl√¢ndia ‚Äî Foto: Marco Crepaldi/ Secom/PMU     Biblioteca em escola de Uberl√¢ndia ‚Äî Foto: Marco Crepaldi/ Secom/PMU                O governo de S√£o Paulo comunicou, nesta semana, que n√£o aderiu ao Programa Nacional do Livro e do Material Did√°tico (PNLD), sistema do Minist√©rio da Educa√ß√£o (MEC) que seleciona e distribui gratuitamente livros did√°ticos para as escolas p√∫blicas brasileiras(entenda abaixo como ele funciona).         Em 2022, todas as redes estaduais do pa√≠s participaram do programa. Segundo a Secretaria de Educa√ß√£o paulista, S√£o Paulo optou por mudar de postura e n√£o seguir o PNLD em 2024 por j√° ter material did√°tico pr√≥prio alinhado ao curr√≠culo do Estado.      üìï Como funciona o PNLD?      Para definir quais obras ser√£o adotadas pelos col√©gios municipais, estaduais e federais, o Brasil segue o PNLD, estabelecido no formato atual por um decreto de 2017. Em resumo, ele funciona da seguinte forma:            O MEC publica editais com as caracter√≠sticas obrigat√≥rias dos livros que ser√£o adotados pelas escolas (n√∫mero de p√°ginas, conte√∫do, formato etc.).As editoras, ent√£o, come√ßam a produzir obras que sigam esses crit√©rios. Depois, podem inscrev√™-las no programa.O minist√©rio, por meio da Secretaria de Educa√ß√£o B√°sica, avalia quais livros podem ser aprovados, quais est√£o eliminados e quais s√≥ precisam de pequenos ajustes. Depois da an√°lise de comiss√µes t√©cnicas pedag√≥gicas, √© formado um card√°pio de materiais com todos os que passaram pelo crivo dos especialistas.As escolas recebem o tal card√°pio e escolhem quais livros adotar√£o.O Fundo Nacional de Desenvolvimento da Educa√ß√£o (FNDE), √≥rg√£o do governo federal, negocia os pre√ßos com as editoras e compra as obras, para que sejam direcionadas gratuitamente √†s redes de ensino. Por √∫ltimo, os correios distribuem os livros para cada col√©gio.      Veja o infogr√°fico abaixo:             2 de 2
Como funciona o PNLD? ‚Äî Foto: Arte/G1     Como funciona o PNLD? ‚Äî Foto: Arte/G1             üìñ De quanto em quanto tempo as escolas recebem novos livros?      A cada quatro anos, as editoras produzem novos materiais para determinado ciclo escolar.       Em 2023, por exemplo, mais de 11,5 milh√µes de crian√ßas do ensino fundamental I (1¬∫ a 5¬∫ ano) ganharam uma leva in√©dita de livros de cada disciplina. O custo para a aquisi√ß√£o das obras foi de R$ 789.217.754,57, segundo o MEC.       Nas outras etapas (educa√ß√£o infantil, ensino fundamental II e ensino m√©dio), houve apenas reposi√ß√£o do material para novas matr√≠culas registradas.      V√≠deos                             Governo de SP n√£o ter√° livros did√°ticos f√≠sicos nas escolas a partir de 2024;Educa√ß√£o;G1
Nem todo espumante √© champanhe. entenda a diferen√ßa;https://g1.globo.com/economia/agronegocios/agro-de-gente-pra-gente/noticia/2023/08/02/espumante-surge-de-vinho-tranquilo-e-bolhas-sao-formadas-com-a-ajuda-de-fungos.ghtml;Agro: De gente pra gente;2023-08-02T08:30:36.563Z;De onde vem o espumante                 O espumante come√ßa a ser preparado assim que a festa de Ano Novo acaba. Isso porque as uvas que d√£o origem √† bebida s√£o colhidas no in√≠cio de janeiro na Serra Ga√∫cha, Rio Grande do Sul, principal produtor do Brasil.        Elas precisam sair logo do p√©, n√£o muito maduras, pois, dessa forma, preservam a acidez, um dos fatores que d√° refresc√¢ncia √† bebida.      DE ONDE VEM: conhe√ßa a produ√ß√£o de vinho, cacha√ßa e maisGENTE DO CAMPO: hist√≥rias de quem produz os alimentos que chegam at√© voc√™      O g1 viajou para o RS no in√≠cio de fevereiro deste ano para conhecer como funciona a produ√ß√£o da bebida, do campo √† forma√ß√£o das borbulhas. No v√≠deo acima, voc√™ vai ver:            üçæ a diferen√ßa entre champanhe e espumante.üç∑ o que √© vinho tranquilo. o que provoca o surgimento das bolhas.            1 de 8
Colhedores de uva na Serra Ga√∫cha - fevereiro de 2023. ‚Äî Foto: Marcos Serra Lima/g1     Colhedores de uva na Serra Ga√∫cha - fevereiro de 2023. ‚Äî Foto: Marcos Serra Lima/g1              2 de 8
Colheita de uva na Serra Ga√∫cha vai de janeiro a mar√ßo. ‚Äî Foto: Marcos Serra Lima/g1     Colheita de uva na Serra Ga√∫cha vai de janeiro a mar√ßo. ‚Äî Foto: Marcos Serra Lima/g1             Cr√©ditos De onde vem o que eu como:     Coordena√ß√£o editorial: Luciana de Oliveira Edi√ß√£o e finaliza√ß√£o: Marih OliveiraNarra√ß√£o: Marih OliveiraReportagem: Paula Salati e Marcos Serra LimaProdu√ß√£o e Roteiro: Paula SalatiCoordena√ß√£o de v√≠deo: Tatiana Caldas e Mariana MendicelliCoordena√ß√£o de arte: Guilherme GomesDire√ß√£o de arte e ilustra√ß√µes: Luisa Rivas, Vitoria Coelho, e Veronica MedeirosFotografia: Marcos Serra LimaMotion: Vit√≥ria Coelho            3 de 8
Uva para espumante precisa ser colhida no in√≠cio da safra, em fevereiro, para que a uva mantenha a acidez. ‚Äî Foto: Marcos Serra Lima/g1     Uva para espumante precisa ser colhida no in√≠cio da safra, em fevereiro, para que a uva mantenha a acidez. ‚Äî Foto: Marcos Serra Lima/g1              4 de 8
Vista da colheita na Serra Ga√∫cha - fevereiro de 2023. ‚Äî Foto: Marcos Serra Lima/g1     Vista da colheita na Serra Ga√∫cha - fevereiro de 2023. ‚Äî Foto: Marcos Serra Lima/g1                    5 de 8
Espumante √© bebida relacionada √† festa, mas tamb√©m pode ser harmonizado nas refei√ß√µes. ‚Äî Foto: Marcos Serra Lima/g1     Espumante √© bebida relacionada √† festa, mas tamb√©m pode ser harmonizado nas refei√ß√µes. ‚Äî Foto: Marcos Serra Lima/g1              6 de 8
Vista de um espumante no p√¥r do sol da Serra Ga√∫cha - fevereiro de 2023. ‚Äî Foto: Marcos Serra Lima/g1     Vista de um espumante no p√¥r do sol da Serra Ga√∫cha - fevereiro de 2023. ‚Äî Foto: Marcos Serra Lima/g1                    7 de 8
Garrafas de espumante durante processo de fermenta√ß√£o. ‚Äî Foto: Marcos Serra Lima/g1     Garrafas de espumante durante processo de fermenta√ß√£o. ‚Äî Foto: Marcos Serra Lima/g1              8 de 8
No m√©todo tradicional de fermenta√ß√£o, as borbulhas do espumante s√£o formadas na garrafa ‚Äî Foto: Marcos Serra Lima/g1     No m√©todo tradicional de fermenta√ß√£o, as borbulhas do espumante s√£o formadas na garrafa ‚Äî Foto: Marcos Serra Lima/g1             Mais da s√©rie De onde vem...     Cogumelo      Como o cogumelo √© enganado para achar que est√° na √Åsia e ser cultivado no Brasil.                             Como o cogumelo √© enganado para achar que est√° na √Åsia e ser cultivado no Brasil        Cacha√ßa      Cacha√ßa tem cabe√ßa, cora√ß√£o e cauda. saiba qual parte pode ser consumida.                             Cacha√ßa tem cabe√ßa, cora√ß√£o e cauda. saiba qual parte pode ser consumida              Vinho      Entenda se todo vinho envelhece bem e por quantos anos pode ficar no barril.                             De onde vem o vinho        Leite      Leite A, A2 ou intermedi√°rio? Saiba o tipo que voc√™ bebe.                             De onde vem o leite              A√ßa√≠      A√ßa√≠ sai da Amaz√¥nia, vira prato no Par√° e sobremesa nas regi√µes Sul e Sudeste.                             g1 explora a rota do a√ßa√≠ desde floresta na Amaz√¥nia at√© f√°brica em SP;Agro;G1